{
    "imageType": {
        "dimension": 3,
        "componentType": "int16_t",
        "pixelType": 1,
        "components": 1
    },
    "name": "Image",
    "origin": [
        -149.5593719,
        -205.609375,
        14.42001343
    ],
    "spacing": [
        0.8046875,
        0.8046875,
        1
    ],
    "direction": {
        "rows": 3,
        "columns": 3,
        "data": [
            0,
            0,
            -1,
            1,
            0,
            0,
            0,
            -1,
            0
        ]
    },
    "size": [
        512,
        512,
        1
    ],
    "data": "-1024,-1024,-1024,-1024,-1024,-1024..."
}